-- phpMyAdmin SQL Dump
-- version 5.0.4
-- https://www.phpmyadmin.net/
--
-- Hôte : 127.0.0.1
-- Généré le : lun. 03 mai 2021 à 00:54
-- Version du serveur :  10.4.17-MariaDB
-- Version de PHP : 8.0.2

SET SQL_MODE = "NO_AUTO_VALUE_ON_ZERO";
START TRANSACTION;
SET time_zone = "+00:00";


/*!40101 SET @OLD_CHARACTER_SET_CLIENT=@@CHARACTER_SET_CLIENT */;
/*!40101 SET @OLD_CHARACTER_SET_RESULTS=@@CHARACTER_SET_RESULTS */;
/*!40101 SET @OLD_COLLATION_CONNECTION=@@COLLATION_CONNECTION */;
/*!40101 SET NAMES utf8mb4 */;

--
-- Base de données : `mmifyw`
--

-- --------------------------------------------------------

--
-- Structure de la table `contact`
--

CREATE TABLE `contact` (
  `idContact` int(11) NOT NULL,
  `nom` varchar(30) NOT NULL,
  `prenom` varchar(30) NOT NULL,
  `codePostal` int(5) NOT NULL,
  `email` varchar(100) NOT NULL,
  `sujet` varchar(255) NOT NULL,
  `message` text NOT NULL,
  `dateHeure` timestamp NOT NULL DEFAULT current_timestamp()
) ENGINE=InnoDB DEFAULT CHARSET=utf8;

-- --------------------------------------------------------

--
-- Structure de la table `domaine`
--

CREATE TABLE `domaine` (
  `idDomaine` int(4) NOT NULL DEFAULT 0,
  `nomDomaine` varchar(30) DEFAULT NULL,
  `presentation` text DEFAULT NULL,
  `videoDescription` text DEFAULT NULL,
  `videoUrl` varchar(200) DEFAULT NULL,
  `imageUrl` varchar(200) DEFAULT NULL
) ENGINE=InnoDB DEFAULT CHARSET=utf8;

--
-- Déchargement des données de la table `domaine`
--

INSERT INTO `domaine` (`idDomaine`, `nomDomaine`, `presentation`, `videoDescription`, `videoUrl`, `imageUrl`) VALUES
(1, 'Audiovisuel', 'Le domaine de l’audiovisuel correspond à la fois aux matériels, techniques et méthodes d’information, de communication ou d’enseignement associant le son et l’image. On part de  la conception à la diffusion en passant par la réalisation, le tournage et la finalisation. \r\nLes métiers de l’audiovisuel sont assez nombreux et variés avec des activités de différentes natures que ce soit au niveau technique ou artistique. Ces métiers peuvent concerner divers médias : le cinéma, la télévision, la radio, le jeu vidéo, la vidéo en streaming… \r\n\r\nVoici quelques métiers de l’audiovisuel que vous pourrez exercer après un DUT MMI : \r\n', '', '', ''),
(2, 'Communication', 'Le domaine de la communication-marketing correspond à la gestion de toutes les informations qui émanent d’une structure afin de transmettre un message à un public ciblé en promouvant l’image d’un produit, d’un service, d’une personne, d’une organisation ou d’un événement. Il s’agit aussi de déterminer les conditions dans lesquelles sera vendu un produit (prix, distribution, promotion etc.) afin de remplir les objectifs commerciaux. \r\nLes métiers de ce domaine peuvent être exercés dans différents types d’entreprises : en agence (de communication, de publicité), dans les services internes de communication d’une organisation (entreprise, association..), en indépendant (journalistes d’entreprise, conseillers en communication…). \r\n\r\nVoici quelques métiers en communication que vous pourrez exercer après un DUT MMI : ', '', '', ''),
(3, 'Design', 'Le domaine du design graphique (aussi appelé design de communication) correspond à l’activité de conception ayant pour but de mettre en œuvre et coordonner la réalisation d’une communication visuelle en associant image et texte, sur imprimé ou écran. \r\nLes métiers du design graphique interviennent dans l’élaboration de supports de communication variés : les produits numériques et interactifs (site web, séquences animées en motion design, logo), les imprimés (livres, revues, affiches, brochures…),  le packaging, la publicité… \r\nVoici quelques métiers du design graphique que vous pourrez exercer après un DUT MMI : ', '', '', ''),
(4, 'Programmation', 'Le domaine de la programmation (aussi appelé développement informatique) est un sous-domaine du secteur de l’informatique et correspond à la conception et au développement  de logiciels, de jeux vidéo, de sites web et d’applications à l’aide des différents langages de programmation. Les métiers de ce domaine très divers sont utiles dans tous les secteurs professionnels actuels : les boîtes de communication/marketing, les banques, les entreprises de jeux vidéo… \r\nVoici quelques métiers en programmation que vous pourrez exercer après un DUT MMI : \r\n', '', '', '');

-- --------------------------------------------------------

--
-- Structure de la table `jeucm`
--

CREATE TABLE `jeucm` (
  `id` int(11) NOT NULL,
  `pseudo` varchar(20) NOT NULL,
  `textMsg` varchar(200) NOT NULL,
  `certif` tinyint(1) DEFAULT NULL,
  `couleur` varchar(20) NOT NULL
) ENGINE=InnoDB DEFAULT CHARSET=utf8;

--
-- Déchargement des données de la table `jeucm`
--

INSERT INTO `jeucm` (`id`, `pseudo`, `textMsg`, `certif`, `couleur`) VALUES
(9, 'Lucien', 'Wouhou !!!\r\nC\'est le premier message de ce mini-jeu, on a passé pas mal de temps dessus mais bon, nous sommes content du résultat !!!', 1, '#00a6ff'),
(10, 'Lucien', 'Ceci est un test pour le main automatique', 1, '#0b83c6');

-- --------------------------------------------------------

--
-- Structure de la table `metier`
--

CREATE TABLE `metier` (
  `idMetier` int(20) NOT NULL DEFAULT 0,
  `nomMetier` varchar(50) DEFAULT NULL,
  `presentation` text DEFAULT NULL,
  `qualite` text DEFAULT NULL,
  `competence` text DEFAULT NULL,
  `formation` text DEFAULT NULL,
  `salaire` text DEFAULT NULL,
  `structure` text DEFAULT NULL,
  `imageUrl` varchar(200) DEFAULT NULL,
  `domaineId` int(4) DEFAULT NULL
) ENGINE=InnoDB DEFAULT CHARSET=utf8;

--
-- Déchargement des données de la table `metier`
--

INSERT INTO `metier` (`idMetier`, `nomMetier`, `presentation`, `qualite`, `competence`, `formation`, `salaire`, `structure`, `imageUrl`, `domaineId`) VALUES
(1, 'Vidéaste', 'Le métier de vidéaste consiste à effectuer le montage des images et des sons de films, de reportages, d’émissions, de vidéos publicitaires.... Cela se fait à partir des rushes de tournages, d’éléments d’archives…\r\nOn retrouve sous ce terme de vidéaste, deux métiers distincts : le cadreur qui réalise les prises de vue et le monteur qui, lui, assemble les différentes parties du film. \r\n\r\nMissions :\r\n• il conçoit et réalise des programmes vidéo\r\n• Il visionne les rushes du tournage et sélectionne les prises pour le montage\r\n• Il détermine le début et la fin d’une image, d’un plan\r\n• Il numérise des rushes \r\n• Il mixe les sources sonores\r\n• Il assemble des plans et des images pour un produit audiovisuel\r\n• Il gére, coordonne et fait le suivi d’un projet vidéo\r\n• Il encadre une production vidéo\r\n• Il contrôle la qualité des dialogues enregistrés lors d’un tournage\r\n• Il réalise un montage des sons directs\r\n• Il compose les ambiances et les effets sonores d’un produit audiovisuel\r\n• Il négocie les contrats de prestation', '- intérêt pour le cinéma\r\n- être autonome\r\n- avoir un esprit de synthèse\r\n- être rigoureux\r\n- avoir des qualités artistiques\r\n- aisance à l’oral\r\n- avoir un bon relation\r\n- être un bon communicant\r\n- sens de l’organisation\r\n- être passionnée\r\n- être curieux \r\n- sens de l’écoute\r\n', '- connaissances en l’histoire du cinéma\r\n- compétences en conception vidéo et en production audiovisuelle\r\n- maîtrise des techniques d’écriture du scénario\r\n- connaissances en droit du cinéma\r\n- connaissances des techniques de montage des sons, montage vidéo et numérique \r\n- maîtrise des logiciels de création vidéo et de la bureautique \r\n- connaissances des caractéristiques des logiciels de montage\r\n- Savoir gérer une photothèque \r\n- maîtrise de l’outil informatique (PAO, palettes graphiques)\r\n', 'Ce métier est accessible par diverses formations allant d’un Bac+3  à Bac+5.\r\nEx : BTS en audiovisuel (Bac+2) + une expérience professionnelle dans le montage \r\nEx : Ecoles Esec, Etpa, Esra : enseignements dans le secteur de l’image cinématographique, de la photo et du multimédia. \r\n', 'En ce qui concerne la rémunération d’un vidéaste, cela dépend du niveau de ses prestations, mais aussi des horaires variables en fonction de l’événement à filmer. \r\nSon salaire peut varier entre 170€-180€ brut la journée et entre 750€- 830€ brut la semaine, selon les conditions de tournage. \r\n', 'Exercice au sein de chaînes de télévision -  Agence de publicité -  Entreprise d’édition phonographique - Société de post-production cinématographique - Société de production audiovisuelle, cinématographique - Studio de développement de jeux vidéo - Studio de films d’animation\r\n', '', 1),
(2, 'Concepteur multimédia', 'Chief technical officer, Chief technology officer, DSI Digital, DSI e-commerce\r\nLe concepteur multimédia accompagne la naissance d’un produit multimédia : cédérom éducatif ou commercial, jeu vidéo, DVD ou site Internet. Il en détermine l’architecture générale, c’est-à-dire qu’il organise et met en scène les différents contenus (textes, musiques, vidéos, animations et images) pour les rendre attractifs. Puis il conçoit les moyens de navigation qui permettent d’accéder aux informations.\r\n\r\nMissions :\r\n• Il crée un lien entre les textes, les images et les sons pour donner vie à un produit multimédia.\r\n• Il imagine un produit correspondant aux besoins d’une cible bien particulière.\r\n• Il établit ainsi une charte graphique et organise les éléments visuels sonores et textuels de façon à ce qu’ils soient les plus attractifs possibles.\r\n• Il travaille en collaboration avec des professionnels tels que des graphistes, des auteurs et des scénaristes.\r\n\r\nIl est possible pour le concepteur multimédia de se spécialiser dans les jeux vidéo, un domaine qui connaît une croissance depuis quelques années. \r\n', '- Le concepteur multimédia est sur tous les fronts : technique, design, contenu… Polyvalence et culture générale sont de mise pour mener à bien ces défis, ainsi qu’une solide organisation et une grande rigueur.\r\n- En parallèle, l’imagination, l’originalité, la curiosité intellectuelle et la créativité sont indispensables pour créer des mondes interactifs, que le visiteur ait envie de visiter.\r\n- Enfin, la multiplicité de ses partenaires et collaborateurs (développeurs, scénaristes, auteurs, graphistes, directeurs artistiques…) impose un excellent relationnel.\r\n', '- une créativité sans limites : de toute évidence, s’il y a une qualité que ce professionnel doit posséder, c’est bien celle-là ! Sans imagination de la part de son créateur, un produit ne peut se démarquer et séduire la cible à atteindre.\r\n- une grande curiosité : veille nécessaire lorsque l’on conçoit ! Pour donner naissance à un projet cohérent, il est essentiel de se tenir au courant des nouvelles tendances, de se réinventer en fonction des évolutions.\r\n- une certaine polyvalence : Le concepteur de produit multimédia doit créer mais également prendre en compte les contraintes techniques pour réaliser son projet. De plus, il n’est pas toujours accompagné de professionnels de l’écriture pour les scénarios ou de chargé marketing pour élaborer les budgets.\r\n', 'Pour devenir concepteur multimédia, après un bac général (S de préférence), on peut passer, au niveau bac+2, par un BTS Design graphique option Communication et médias numériques ou un DUT Métiers du multimédia et de l’Internet.\r\n\r\nA bac+3, il existe de nombreuses licences pros spécialisées en développement web ou en communication multimédia.\r\nA bac+5 plusieurs masters pros, en ingénierie de la création multimédia par exemple. \r\n\r\nLe marché compte de nombreuses écoles spécialisées, pour la plupart privées (l’École multimédia, Supinfocom, l’Institut international du multimédia Léonard de Vinci…), publiques (Les Gobelins). Mais aussi des formations d’ingénieur, comme l’IMAC (Institut du multimédia et architecture de la communication) et l’ENIC (Ecole nouvelle d’ingénieurs en communication).\r\n', 'Un concepteur multimédia débutant gagne autour de 2 000 euros bruts par mois.\r\nSelon son entreprise et son ancienneté, son salaire peut progresser jusqu’à 4000 euros brut par mois ou plus.\r\n', 'Le concepteur multimédia peut travailler chez divers employeurs : société éditrice de produits multimédias (dans le secteur privé et public), studio de création, société sous-traitante spécialisée dans la réalisation de produits interactifs, agence de communication et de publicité, entreprise des médias (TV).\r\n', '', 1),
(3, 'Monteur truquiste ', 'Le monteur truquiste intervient essentiellement en phase de post-production au cinéma, à la télévision. C’est un monteur vidéo spécialisé dans la :\r\n• Il réalise d’effets spéciaux et de trucages\r\n• Il met en place de l’habillage graphique et de génériques\r\n• Il s’occupe notamment des Incrustations, du compositing et de la VFX 3D.\r\n\r\n', '- Le monteur truquiste doit avoir une sensibilité artistique et de la créativité pour pouvoir imaginer et concevoir des effets inventifs\r\n- Travaillant sous la direction du réalisateur et du superviseur d’effets spéciaux, en étroite collaboration avec les autres métiers de la post-production, il doit aimer travailler en équipe\r\n- Passionné par son métier,  il doit se tenir au courant des progrès technologiques, qui d’année en année permettent l’utilisation de techniques de plus en plus avancées\r\n', '- En plus des logiciels de montage vidéo classiques, le monteur truquiste doit maîtriser des logiciels d’effets spéciaux (Adobe After Effects, Davinci Resolve, la suite Avid)\r\n- Pour réaliser des effets 3D, il doit également connaître les logiciels de modélisation et d’animation 3D\r\n- Capable d’imaginer et de concevoir des éléments d’habillage\r\n', 'Le monteur truquiste est issu d’une formation dans l’audiovisuel, mais s’est spécialisé grâce à des stages et à son expérience professionnelle, mais également par des formations dispensées par l’INA (Institut National de l’Audiovisuel), par des écoles de cinéma ou encore par certaines écoles privées.\r\n', '- Débutant : à partir de 25 000 € bruts par an\r\n- Sous statut d’intermittent, le salaire est conventionné à 31,79 € bruts de l’heure.\r\n', 'Le métier de truquiste peut également s’exercer dans des émissions en direct à la télévision : les missions sont équivalentes, mais les outils - adaptés aux contraintes du direct - peuvent être très différents.\r\nPar ailleurs, le métier de monteur truquiste se rapproche de certains métiers du jeu vidéo et de l’animation.\r\n', '', 1),
(4, 'Motion designer ', 'Le métier de motion designer consiste à créer des productions graphiques en intégrant à la fois de la vidéo, de l’animation 2D et 3D, du son, du texte, des effets spéciaux… \r\n\r\nMissions :\r\n• Il réalise et propose aux clients des moodboards (planche tendance pour donner une première idée)\r\n• Il conceptionne des contenus animés, audiovisuels, et interactifs. \r\n• Il travaille sur le storyboard : détails des plans de la future animation ou interface\r\n• Durant la phase de production, il s’occupe du : rendu des images, montage, étalonnage, encodage, conception des mouvements, mise en place des effets… \r\n• Il assure une veille permanente pour pouvoir proposer des animations/interfaces dans l’air du temps\r\n', '- être autonome\r\n- avoir un sens artistique et de l’esthétique\r\n- être créatif\r\n- sens de l’image\r\n- capacité d’écoute\r\n- aptitude à prendre du recul et se remettre en question\r\n- être curieux : être en veille permanente\r\n- sens collaboratif \r\n', '- maîtrise des logiciels numériques et des techniques audiovisuelles :  Photoshop, Illustrator, After Effects, Première Pro, 3DS, Cine 4D… \r\n- savoir travailler en équipe \r\n- savoir être en veille sur son environnement professionnel \r\n- avoir un bon niveau d’anglais\r\n', 'Pour devenir motion designer, il faudrait au minimum un diplôme de niveau bac +2. ⇒ diplômés d’écoles d’art appliqués ou des titulaires de BTS ou DUT spécialisé en design graphique. \r\nex : Bac +2 → BTS Design graphique option communication et médias imprimés, option communication et médias numérique,\r\nex : Bac +3 → Bachelor en graphisme proposées par des écoles spécialisées,\r\nex : Bac +5 → DNSEP Diplôme national supérieur d’expression plastique options communication, design.\r\n', 'Le salaire dépend de l’expérience dans le métier. Un salarié débutant peut gagner entre 2 100 € et 2 300 € brut par mois, et un senior, entre 3 300 € et 4 000 € brut par mois. La moyenne annuelle tourne de 35 000 à 42 000 € bruts par an.\r\nEn ce qui concerne les freelances, le salaire peut varier entre 2 600 € et 5 800 € brut par mois. \r\n', 'Exercice au sein d’un studio de création, d’une société de production, d’une agence de communication, d’une chaîne TV ou de travail en freelance. \r\n', '', 1),
(5, 'Sound designer', 'Le métier de Sound designer, ou autrement dit designer sonore consiste à concevoir et réaliser des créations sonores. (musiques, bruitages, sons divers…)  L’objectif principal est de mettre en valeur un contenu visuel (ex : jeux vidéos, spot publicitaire, espace commercial) ou les caractéristiques d’une entreprise. \r\n\r\nMissions :\r\n• Il crée l’ensemble de l’environnement sonore du jeu vidéo\r\n• Il intégre des bruitages, ou des sons de synthèse\r\n• il conçoit et réalise une bande son en illustrant et en accompagnant un contenu visuel\r\n• Il réalise les prises de son\r\n• Il donne vie à l’image\r\n• Il cerne les besoins du client et du public visé\r\n• Il mixe les éléments sonores\r\n• Il édite des sons dans le moteur du jeu vidéo\r\n• Il fait des tests\r\n', '- être imaginatif/créatif\r\n- être curieux\r\n- être patient\r\n- accepter la critique\r\n- autonomie \r\n--être organisé\r\n- être rigoureux\r\n', '- connaissances des bases de l’informatique et de la programmation\r\n- maîtrise des outils de montage d’édition sonore (Reaper, Unreal Engine, Wwise Protools…)\r\n- connaissances techniques : formats audio, traitement du son, traitement du signal, notions d’acoustique et d’électronique\r\n- capacité d’adaptation à un environnement évolutif\r\n- à l’écoute des attentes des clients\r\n- travail en équipe\r\n- maîtrise des outils de création et d’édition\r\n- capacité de modélisation, d’enregistrement et d’intégration de l’ensemble d’un son \r\n- avoir un sens pour l’art\r\n- avoir bonne une culture de l’image et de la musique\r\n- maîtrise des procédés de prise de son\r\n- capacité à respecter un cahier des charges\r\n- gestion du temps\r\n- compréhension des besoins techniques et stratégiques d’un projet\r\n', 'll existe de nombreux parcours de formation pour devenir sound designer (allant de bac+2 à bac+5). \r\nPour accéder au métier de Sound designer, il est conseillé de suivre une double formation de niveau Bac+⅔ afin d’obtenir les compétences nécessaires. \r\nEx : BTS métier de l’audiovisuel (Bac +2)\r\nMaster ingénierie de la création et de la réalisation sonore et musicale (Bac+5)\r\nLicence en musique et en technique de traitement du sons (Bac+3)\r\n', 'Débutant : entre  1500€/2000€ bruts/mois\r\nExpérimenté : de 2000€ à 3000€ bruts/mois\r\nIndépendant : jusqu’à 6000€ brut/mois\r\n', '- domaine des jeux vidéos (agence,  Studio de développement de jeux vidéo)\r\n- cinéma (Société de production audiovisuelle, cinématographique,  Société de post-production cinématographique,Studio de films d’animation)\r\n- théâtre\r\n', '', 1),
(6, 'Assistant E-commerce', 'L’assistant e-commerce s’occupe du développement des ventes en ligne et s’assure de la réalisation des objectifs généraux de ventes avec un focus particulier sur les ventes en ligne.\r\n\r\nMissions :\r\n• Il crée et met en ligne des contenus (mises à jour, nouveau contenu, offres spéciales, système de réservation, …)\r\n• Il participe à la création de nouveau contenu des sites afin de les rendre dynamiques, ergonomiques et performants.\r\n• Il s’assure que les systèmes de ventes en ligne sont toujours opérationnels\r\n• Il analyse et report des performances des sites (trafic, conversions, ventes):\r\n• Il participe à la génération de trafic sur les sites (liens sponsorisés, publicités, e-mailings, partenariats & ainsi qu’à leur analyse et reporting)\r\n• Il participe au développement de nouvelles fonctionnalités des sites en relation avec les équipes E-commerce et informatique\r\n• Il apporte une approche commerciale aux développements des sites\r\n• Il participe à tout autre projet directement lié aux activités E-commerce ou au service Marketing\r\n• Il met à jour des réseaux sociaux (pages Facebook, Twitter, Youtube, etc)\r\n• Il participe au développement des actions vente et marketing\r\n• Il se charge de la rédaction et création des newsletters\r\n• Il met à jour et suit des budgets web\r\n• Il met  à jour du plan de communication\r\n• Il analyse et étudie les marchés\r\n• Il analyse des ventes et résultats des activités\r\n• Il participe aux événements : salons, etc.\r\n• Il participe au développement des actions ventes et marketing\r\n• Il participe à tout autre projet directement lié ou non aux activités du service ventes et marketing\r\n• Il analyse et s’occupe de la rédaction de rapports\r\n• Il élabore des statistiques liées aux différents sites web: nombre de visites, liens sponsorisés … en support du responsable e-marketing\r\n', '- Autonome\r\n- Créatif\r\n- Organisé\r\n- Curiosité\r\n', 'En tant que touche-à-tout, l’assistant e-commerce se devra avant tout de faire preuve d’une grande capacité d’adaptabilité. Si l’on ne lui demandera pas une connaissance parfaite et technique du web, une grande culture digitale lui sera nécessaire. De la même manière, l’assistant e-commerce reste avant tout un assistant commercial qui se doit donc de maîtriser l’ensemble des compétences inhérentes à ce métier. Calculs commerciaux, administration des ventes et gestion des enjeux de développement doivent faire partie de votre quotidien souhaité.', 'Un bac +2 est suffisant, mais une formation Bac+5 est bien plus avantageuse. ', 'Le salaire d’un assistant E-commerce est autour des 34 000 euros par an . \r\n', 'L’activité de cet emploi/métier s’exerce au sein d’entreprises commerciales, industrielles ou de sociétés de services en relation avec différents services (production, logistique, comptabilité, juridique, ...) et en contact avec la clientèle\r\n', '', 2),
(7, 'Chargé de com digital', 'Le chargé de communication digitale travaille dans les métiers de la communication digitale et du marketing web. Il est le lien entre la marque et les internautes.  \r\nLes objectifs principaux  du CCD sont de promouvoir l’image de l’entreprise par rapport à la concurrence, de créer une politique de communication (avec la conception de la stratégie de communication numérique) et de mettre en place des actions de communication. \r\n\r\nMissions : \r\n• valoriser l’image de l’entreprise\r\n• définir la stratégie de communication digitale\r\n• créer des supports de communication : brochures, affiches, contenus numériques, visuel pour les réseaux sociaux \r\n• rédiger des communiqués de presse, newsletters, articles web, posts pour les réseaux sociaux...\r\n• gérer le site web de l’entreprise\r\n• gérer les relations avec les prestataires web\r\n• analyser et mesurer l’audience et le trafic\r\n• assurer une veille technologique constante\r\n• participer aux activités du service communication\r\n• diffuser le contenu sur les différentes plateformes de communication \r\n', '- aisance relationnelle\r\n- être organisé\r\n- sens de l’écoute \r\n- être créatif \r\n- sens esthétique\r\n- faculté d’adaptation\r\n- esprit d’analyse et de synthèse\r\n- rigueur et autonomie\r\n', '- connaissances en détail de son entreprise ainsi que le service/produit de l’entreprise\r\n- maîtrise des Nouvelles Technologies de l’Information (NTIC)\r\n- connaissance des médias sociaux et des outils graphiques\r\n- maîtrise des outils de PAO (Illustrator, Photoshop, InDesign…)\r\n- maîtrise de l’anglais\r\n- maîtrise de la communication écrite et orale\r\n- maîtrise de la gestion de projet\r\n- savoir gérer son temps\r\n- savoir travailler en équipe\r\n- capable d’organiser des campagnes de communication\r\n- préparer et gérer un budget\r\n', 'Ce métier est accessible avec un bac +3 à la suite d’une formation en communication, en publicité ou en multimédia (par exemple une licence professionnelle communication digitale et webmastering ou bien même un bachelor digital & réseaux sociaux). \r\nCependant les candidats ayant un bac +5 sont avantagés (par exemple après un Master Communication digitale). \r\n\r\n', 'Junior : entre 20 000€ et 25 000 € brut/an\r\nConfirmé : entre 25 000€ et 30 000 € brut/an\r\nSenior : entre 30 000€ et 45 000 € brut/an\r\n', 'L’activité de cet emploi/métier s’exerce au sein d’entreprises, d’agences de communication, de sociétés de service, d’établissements de recherche, d’organismes culturels, de collectivités, en indépendant... en relation avec\r\ndifférents intervenants (journalistes, maquettistes, imprimeurs, ...).\r\nElle varie selon le secteur (média, industrie, services, ...), la taille de la structure et les budgets.\r\n', '', 2),
(8, 'Chef de projet multimédia', 'Le métier de chef de projet multimédia consiste à superviser la production de sites web, de jeux vidéo ou tout autre produit multimédia. Il a pour objectif de proposer un produit de qualité au client, en respectant le budget et les délais. \r\n\r\nMissions :\r\n• créer des sites web, newsletters\r\n• réaliser des films d’entreprise\r\n• mener des campagnes de publicités interactives \r\n• analyser les besoins des clients \r\n• élaboration des cahier des charges (nature du projet, cible, budget, échéance de réalisation, charte graphique…)\r\n• détailler la stratégie de développement d’un produit\r\n• proposer des ajustements ou modifications au lien ', '- être rigoureux\r\n- être cultivé\r\n- être attentif\r\n- être à l’écoute\r\n- être un bon communicant\r\n- être autonome\r\n', '- savoir planifier\r\n- savoir évaluer ses besoins en argent\r\n- savoir mener une équipe \r\n- capacités rédactionnelles \r\n- bonnes connaissances en anglais\r\n- avoir des bases en programmations\r\n', 'Pour exercer le métier de chef de projet multimédia, il faut avoir une formation de niveau Bac+5 ainsi qu’une expérience professionnelle dans la gestion de projet ou le multimédia. \r\nEx : Bac +3 : licence pro en multimédia : conception réalisation de services et produits multimédia\r\nEx : Bac + 5 : Diplôme d’ingénieur spécialisé en images, multimédia, audiovisuel et communication.s\r\n', 'Un débutant peut gagner entre 2300€ et 2800€ brut par mois. \r\n', 'Exercice au sein d’agences digitales, de communication, de publicité, d’une entreprise de services du numérique, chez un éditeur de jeux… \r\nLe chef de projet fonctionnel web peut intervenir dans des secteurs très particuliers et très pointus dans lequel les compétences fonctionnelles sont primordiales : jeux en ligne, e-commerce, paiement en ligne, applications mobiles, réseaux sociaux…\r\nUn chef de projet multimédia peut travailler en tant que \"\"freelance\"\", c’est un statut social qui indique que la personne travaille pour son propre compte.\r\n', '', 2),
(9, 'Community Manager', 'Le community manager, ou animateur de communautés web est un métier du web qui a pour objectif de diriger et  de fédérer les divers utilisateurs via des plate-formes internet autour de pôles d’intérêts communs, comme une marque ou un produit.  \r\nPour animer et faire vivre sa communauté, il poste différents contenus comme des vidéos, des articles, ou peut aussi organiser des jeux concours pour engager sa communauté.\r\nEn résumé, il contribue à développer la présence de la marque sur Internet. \r\n\r\nMissions :\r\n•  Il recense les communautés à travers le web pouvant influer sur le positionnement  de la marque (blog, forums)\r\n• Il crée des valeurs pour sa communauté (cultures, codes sociaux…)\r\n• Il définit des indicateurs afin de suivre sa communauté (nombre de  posts, qualité des réponses, notes… )\r\n• Il suit et planifie les actions de recrutement de membres en ligne (partenariats, parrainage, offres de sponsorisation…)\r\n• Il définit les objectifs de la communauté en accord avec le  Brand manager comme le test de produit ou la promotion de la marque.\r\n• Il anime  les différents comptes de l’entreprise en respectant la spécificité de chacun d’entre eux\r\n• Il lance des sujets permettant de susciter le débat ou le partage d’expériences, de pratiques entre les internautes/consommateurs\r\n• Il veille à la qualité des réponses, y compris des critiques apportées à la marque ou au produit afin d’être en mesure de les exploiter et de relancer la discussion\r\n• Il fait respecter les règles éthiques de la communauté via une action de modération sur le contenu produit par l’internaute : exclusion des propos, photos, ou vidéos à caractères raciste, pornographique, insultant...\r\n• Il Recherche de nouveaux médias sociaux permettant d’étendre l’influence de la communauté\r\n• Il assure la fidélisation des internautes via des évènements on line (newsletter, jeux concours...)\r\n• Il met  en œuvre des opérations off line afin de réunir physiquement la communauté et ses leaders (bloggeurs influents, membres « VIP »...)\r\n• Il participe à la communication de crise en cas de bad buzz.\r\n• Il signale les bugs des fonctionnalités du site et veille à la disponibilité de la plateforme.\r\n• Il coordonne avec l’équipe technique les améliorations à apporter à la plateforme du site Internet.\r\n', '- sens de l’écoute, sens du contact, empathie, bonne dimension relationnelle.\r\n- curiosité intellectuelle, très bonne culture générale.\r\n- autonomie, diplomatie, rigueur.\r\n- qualités rédactionnelles.\r\n- goût prononcé pour les nouveaux médias, les réseaux sociaux et bien sûr le numérique.\r\n- compréhension des enjeux économiques de l’entreprise et de ses pouvoirs.\r\n', '- être à l’écoute\r\n- savoir créer de l’engagement \r\n- savoir modérer \r\n- partager un état d’esprit positif \r\n\r\n', 'C’est un métier qui requiert une formation. Les études  requises pour ce métier sont souvent un bac +5 dans le domaine du marketing, mais aussi du journalisme et de l’édition,  Ce métier peut être aussi ouvert à un nombre d’années d’études inférieures si la personne se proposant à ce métier dispose d’une culture générale et d’une maîtrise du web quasiment irréprochable. \r\n', 'début de carrière à 25 000 euros brut, jusqu’à 38 000 euros brut par an. \r\n', 'Le community manager travaille principalement en agence, mais aussi pour un annonceur, une entreprise, un site web…\r\nEn évoluant dans le secteur de la culture, le community manager travaille pour diverses structures culturelles : musées, centres culturels, associations culturelles, festivals, théâtres… \r\n\r\n', '', 2),
(10, 'Directeur marketing', 'Le directeur du marketing élabore et met en place des plans et actions marketing pour développer la vente de biens ou services d’une entreprise. À la fois manager et stratège, il.elle occupe un poste proche du chef d’entreprise ou de la direction générale et est souvent rattaché au comité de direction ou CODIR.\r\nCe métier peut être souvent appelé CMO ( pour Chief Marketing Officier).\r\n\r\nMissions :\r\n• Il doit détecter les nouvelles opportunités de marchés et de produits.\r\n• Il étudie la concurrence (benchmarking)\r\n• Grâce à des études au préalable commandées et coordonnées, pour recueillir des informations sur son marché, il analyse et anticipe les besoins et attentes des clients. \r\n• Il élabore le plan marketing dans lequel définir très précisément le marketing-mix ou les axes de développement des produits. \r\n• Au cours de la phase opérationnelle, le  CMO manage et motive ses équipes (une dizaine de chefs de produits et d’assistants).\r\n• Il supervise aussi le développement et le lancement des produits ainsi que la mise en œuvre des actions promotionnelles en coordination avec le service commercial.\r\n• Il mesure et analyse les retombées de chaque action et réadapte sa stratégie en fonction des résultats et de l’évolution du marché. \r\n', '- rigueur, créativité, curiosité d’esprit.\r\n- sens de l’écoute, de l’observation, de l’anticipation et de l’initiative. Analyse et synthèse.\r\n- capacité à gérer et animer une équipe.\r\n- sens de la négociation, capacité à convaincre.\r\n', '- compétences techniques et marketing \r\n- connaissance de l’environnement interne et externe de l’entreprise. \r\n- avoir un esprit concret et conceptuel \r\n', 'C’est un métier impliquant d’importantes responsabilités, le CMO nécessite donc une formation de haut niveau (Bac+5). \r\n\r\nIl est également possible de parvenir à cette fonction par le biais de formations universitaires en marketing, communication, gestion à un niveau Master. \r\n\r\nSi les diplômés issus de grandes écoles de commerce sont souvent demandés, les diplômés d’école d’ingénieurs complétés par une formation type Master ou MBA sont également appréciés.\r\n\r\n\r\n', 'SALAIRE', 'Les directeurs marketing exercent le plus souvent dans de grandes entreprises dans le secteur de la grande distribution et des services. Ce poste apparaît de plus en plus dans les secteurs plus traditionnels de l’industrie ou de la fonction publique.', '', 2),
(11, 'Directeur artistique', 'Le métier de directeur artistique (DA) consiste à gérer l’identité visuelle d’une marque/entreprise, la conception artistique d’un projet à l’aide d’une équipe constituée de web designers, d’infographiques, de concepteurs rédacteurs.\r\nLe principal but d’un DA est de permettre aux lecteurs de reconnaître le produit promu et la marque associée. Pour cela,  il met en forme l’aspect visuel d’une publicité, d’un magazine, d’un livre, ou d’une émission de télévision.Les missions du directeur artistique  ou de la directrice artistique (DA) s’orientent autour de trois axes : la conception, la négociation et le suivi technique.\r\n\r\nMissions :\r\n• Il définit l’apparence générale d’un projet \r\n• Il définit la charte graphique : détermination du choix des couleurs, des typographies, de l’animation visuelle, sonore… \r\n• Il rencontre les clients\r\n• Il prends en compte les demandes des clients pour la conception \r\n• Il réalise une maquette (choix des logos, découpage des écrans…) \r\n• Il supervise les techniciens exécutants\r\n• Il réalise du contenu visuel\r\n• Il met en forme des contenus textes, visuels et multimédia \r\n', '- être créatif, imaginatif et intuitif\r\n- avoir une sensibilité artistique\r\n- être rigoureux et organisé\r\n- être un bon communicant \r\n- être innovant\r\n- qualités relationnelles\r\n- qualités rédactionnelles et de synthèse\r\n- esprit d’équipe\r\n- aisance à l’oral \r\n- sens critique\r\n- bonne résistance à la pression \r\n- avoir un don d’observation\r\n', '- connaissances dans le domaine de l’art\r\n- bonne culture générale\r\n- savoir être attentif aux tendances, aux évolutions de son époque\r\n- connaissances en communication et en marketing\r\n- maîtrise des divers outils de création graphique et multimédia : Illustrator, Photoshop, programmation, Flash, After Effects, QuarkXPress, Ajax…\r\n- maîtrise de l’anglais\r\n- savoir prendre du recul pour appréhender une problématique\r\n\r\n', 'L’accès au métier de directeur artistique nécessite d’avoir accumulé plusieurs années d’expériences donc poursuivre les études jusqu’à bac+5.  Il est conseillé de commencer par un BTS en communication visuelle, option graphisme, publicité (Bac+2). Vous pouvez ensuite, par exemple,  poursuivre en rejoignant une école d’art.\r\nEx : bac +5 (master spécialisé) en communication, en publicité, en arts plastiques…\r\n', 'Le salaire d’un DA varie en fonction de son expérience et de la structure dans laquelle il exerce son métier. Le salaire peut varier entre 2500€ et 4000€ brut par mois. Le salaire brut mensuel d’un débutant est d’environ 2200€. \r\nJeune diplômé : entre 30 et 40 k€\r\nJeune cadre : entre 40 et 50 k€\r\nCadre confirmé : entre 50 et 70 k€\r\n', 'Marketing, publicité, communication\r\nLe métier de directeur artistique s’exerce le plus souvent au sein des maisons d’édition, au sein d’agence généraliste, d’agence web…\r\nDépend du champ culturel de l ’établissement \r\n', '', 3),
(12, 'Graphiste 2D', 'Le graphiste illustrateur / la graphiste illustratrice met en images les idées visuelles du game designer. Couleurs, lumières, textures… Il construit l’allure des personnages, des objets et des décors du jeu. Selon le projet, il crée des modèles qui respectent l’animation 2D ou 3D.\r\n\r\nMissions :\r\n\r\nLe graphiste 2D peut donner vie aux dessins en les transformant numériquement, il a donc pour mission de :\r\n• Il réalise le storyboard\r\n• Il identifie les contraintes techniques\r\n• Il applique les directives artistiques\r\n• Il réalise les images fixes\r\n• Il crée et régler les effets graphiques\r\n• Il modélise les décors, personnages, objets\r\n• Il réalise les interfaces du jeu (menus)\r\n• Il réalise les modèles et illustrations du projet graphique (maquettes,prototypes)\r\n', 'Il peut travailler en équipe, ce qui lui demande un savoir-être et un esprit collaboratif. De plus les qualités du graphiste 2D sont:\r\n- la rigueur \r\n- être à l’écoute\r\n- la réactivité\r\n- la curiosité \r\n- la créativité\r\n', '-utilisation des outils numériques de dessin, de traitement d’image, et de composition (Adobe Photoshop)\r\n-culture artistique\r\n-créativité', 'Les formations s’échelonnent du bac + 2 à bac plus 5.\r\nVoici quelques exemples de formations :\r\nniveau bac + 2 \r\n• BTS métiers de l’audiovisuel option métiers de l’image\r\n• BTS Design graphique option communication et médias imprimés\r\n• BTS Design de communication espace et volume\r\nniveau bac + 3 \r\n• BUT informatique options : imagerie numérique ; génie informatique + formation graphique,\r\n• Licence pro métiers de la communication,\r\n• Licence pro techniques du son et de l’image\r\n• diplômes d’écoles spécialisées : Itecom, Com’art, Atep, Ecole Brassart, les Gobelins, \r\n• diplôme Ina motion designer\r\nniveau bac + 4 \r\n• DSAA - diplôme supérieur d’arts appliqués option graphisme \r\n• diplômes d’écoles spécialisées : ECV, Penninghen...\r\nniveau bac +  5 \r\n• DNSEP - diplôme national supérieur d’arts plastiques,\r\n• diplômes d’école d’art :\r\n- Ensad (École nationale supérieure des Arts Décoratifs) ;\r\n- Ensba (École nationale supérieure des Beaux-Arts) ;\r\n- Les Gobelins (École de l’image).', 'Environ 1 900 € brut par mois pour un graphiste débutant, 3 000 € brut par mois s’il a de l’expérience.\r\nLe statut d’indépendant est courant dans la profession : dans ce cas, le graphiste travaille au forfait journalier ou à la mission. Certaines stars du secteur peuvent gagner jusqu’à 1 000 € par jour !\r\n', 'Il peut travailler dans tous les secteurs d’activité, de la publicité jusqu’à l’imagerie médicale. Le graphiste peut être salarié en agence ou en entreprise, ou travailler en free-lance. Il fait partie d’une équipe dirigée par un chef de projet ou un directeur artistique.', '', 3),
(13, 'Infographiste multimédia', 'Sous la direction d’un chef de projet, l’infographiste multimédia participe à la conception et à la mise en page de sites Internet ou Intranet et à leur habillage. Le graphisme multimédia est une fonction que l’on exerce au sein d’une équipe qui comprend parfois des infographistes (le terme infographiste recouvre une fonction correspondant plutôt au travail de maquettiste).\r\n\r\nMissions :\r\n• La mission de l’Infographiste consiste à assurer la création et la réalisation de supports de communication en PAO (Publication Assistée par Ordinateur).\r\n•  Pour cela, il conçoit  graphiquement les supports dans le respect de la charte graphique de son groupe paritaire de protection sociale. \r\n• Il suit et contrôle également les étapes de la chaîne graphique : participation à la négociation avec les prestataires et les fournisseurs, contrôle de la conformité du document final.\r\n•  L’Infographiste peut être sollicité pour apporter son appui technique aux directions sur la réalisation graphique de leurs documents.\r\n• Il conçoit une image, assure le suivi et travaille en collaboration avec le directeur artistique de l’agence ou directement avec le commanditaire.\r\n', '- Un infographiste doit être créatif et avoir une sensibilité esthétique et artistique. \r\n- Il doit être capable de travailler en équipe et de communiquer ses idées de manière claire et précise. \r\n- Un bon infographiste est curieux et se tient régulièrement informé des nouveautés en matière de création et de logiciels. \r\n- Rigoureux, il gère ses projets et son temps.\r\n', '- En plus d’une bonne connaissance des activités et des métiers du groupe rendue indispensable par la diversité de ses interventions, l’Infographiste maîtrise la charte graphique et se démarque par sa maîtrise de la conception et de la modélisation infographique, par ses qualités de gestion de projet. \r\n- Un bon Infographiste se doit d’être disponible et à l’aise dans la coopération transversale, en plus d’être capable d’utiliser les différents applicatifs de PAO, de prioriser et de réguler ses nombreuses tâches, et de concevoir ou adapter différents supports de communication en fonction de la commande qui lui est adressée.\r\n', 'Les diplômes de niveau Bac +4/5 délivrés par les grandes écoles tels que le Diplôme National des Arts et Techniques, le Diplôme National d’Arts Plastiques avec l’option Design graphique et multimédia et le Diplôme Européen d’Études Supérieures en Infographie et Multimédia sont très appréciés des employeurs.\r\n', 'Un infographiste débutant gagne entre 1 500 et 2 000 euros bruts par mois.\r\n', 'On retrouve des infographistes dans de nombreux secteurs : publicité, jeux vidéo, événementiel, e-commerce, … Le métier d’infographiste peut être exercé dans de nombreux types d’entreprises, en interne ou en externe, sous le statut de freelance :\r\n- Agence de communication, de design graphique, de publicité\r\n- Studio de création graphique, de jeux vidéo\r\n- Maison d’édition, journal, magazine\r\n- Secteur du cinéma ou de la télévision\r\n- Service communication des entreprises\r\n- Collectivités locales… \r\n', '', 3),
(14, 'WebDesigner UI/UX', 'Le métier en charge de l’Expérience Utilisateur (UX) et de l’Interface Utilisateur (UI) est une évolution du poste de Web Designer. L’apparition de ces métiers fait suite à la complexification du web. Mais aussi en raison de l’importance de l’interaction et de l’optimisation des plateformes web et mobiles. Ces métiers sont le plus souvent ouverts au sein d’activités e-commerces où le parcours client est primordial dans la conception de la plateforme et la conversion client.\r\n\r\nMissions :\r\n• Le designer UI (design de l’interface utilisateur) s’occupe du lien entre la machine et l’homme. \r\n• Il est en charge de la conception générale de l’interface, de la clarté de la navigation, de l’optimisation des parcours et aussi de la qualité des contenus.\r\n• Son objectivité est guidée par l’efficacité. Il organise des éléments graphiques et textuels sur la base de normes techniques. \r\n• Le designer UX (design de l’expérience utilisateur) a pour objectif d’insérer du storytelling (mise en récit) dans une expérience d’utilisation pour faire naître de l’émotion chez l’internaute ; son rôle est donc plus stratégique. \r\n• Il prend en compte les attentes et les besoins de l’utilisateur. Il doit rendre le site facile à trouver, accessible, créer la confiance, facile à prendre en main, crédible et productif.\r\n', '- Les designers UX et UI sont à la fois des créatifs avec un fort potentiel d’imagination \r\n- Il faut que le Webdesigner UI/UX soit à la fois  technicien et programmeur.\r\n- C’est donc un véritable couteau suisse. \r\n', '- Maîtrise des logiciels de création bitmap et vectorielle (de type Photoshop, Illustrator ou InDesign de la suite adobe) et des outils de maquettage,\r\n- Bonnes connaissances techniques des technologies front-end, notamment HTML et CSS pour le web, mais aussi connaissance des contraintes diverses tel que l’adaptation de la plateforme aux différentes tailles d’écrans (responsive),\r\n- Culture web approfondie et bonne compréhension des tendances concernant le graphisme et la technique sur internet,\r\n- Des notions en gestion de projet agile sont également appréciées.\r\n', 'Il n’existe pas de diplôme spécifique au métier de web designer tant dans sa dimension UX que UI. Il y a cependant des formations en art numérique, graphisme, infographie, informatique, multimédia.\r\nL’apprentissage sur le terrain, en situation, en agence Web ou en studio, en stage ou en premier emploi reste une bonne école d’approche de ces métiers en constante évolution. Exemples de formations : \r\nBac +3 : BUT MMI, BUT INFORMATIQUE, Licence pro métiers du design \r\nBac +5 : Master pro arts, Diplôme d’ingénieur en informatique. \r\n', '- Junior : 35 – 40K € / an,\r\n- Senior : 45 – 55K € / an,\r\n- Expert : > 60K € / an.\r\n', 'On retrouve des webDesigner UI/UX dans de nombreux structures : \r\n- les grandes entreprises, notamment dans le domaine du digital, dotées de leur propre service dédié\r\n- les agences de création web\r\n- l’auto-entreprise/travail en freelance \r\n', '', 3),
(15, 'blabla', '\r\n', '', '', '', '', '', '', 3),
(16, 'Administrateur réseau', 'Le métier d’administrateur réseau consiste à s’occuper du bon fonctionnement et de l’optimisation des réseaux de la structure (entreprise, association). Ils ont pour but de garantir la bonne circulation de l’information dans l’entreprise en analysant les performances du réseau informatique, en veillant au bon fonctionnement des équipements  et en répondant au besoin des utilisateurs. \r\n\r\nMissions :\r\n• Il gére le câblage physique du réseau\r\n• Il gére le bon routage (la bonne circulation des informations immatérielles)\r\n• Il assure la sécurité du réseau\r\n• Il gére les différents comptes utilisateurs et droits d’accès\r\n• Il repére les anomalies et trouve des solutions pour les résoudre\r\n• Il gére l’accès des utilisateurs\r\n• Il vérifie la compatibilité du nouveau matériel \r\n• Il assure la bonne gestion des droits d’accès, pour les machines d’une part, et pour les utilisateurs d’autre part, dans le respect des règles de sécurité de l’entreprise.\r\n• Il suit le budget d’exploitation des réseaux.\r\n• Il installe les logiciels d’administration de réseau.\r\n• Il effectue les réglages des paramètres \r\n• Il assure l’ensemble des sauvegardes nécessaires pour maintenir la sécurité des données circulant dans le réseau de l’entreprise.\r\n• Il met en place les normes de sécurité, notamment celles liées aux conditions d’accès.\r\n• Il assure une veille technologique afin d’anticiper les évolutions nécessaires à l’optimisation du réseau.\r\n• Il suit les évolutions technologiques des systèmes et définit les plans de rénovation ou d’extension du réseau avec les ingénieurs et les techniciens. \r\n', '- qualités relationnelles \r\n- sens de l’écoute et du dialogue pour bien comprendre les besoins des utilisateurs\r\n- rigueur et sens de la méthode\r\n- méthode\r\n- autonomie\r\n- réactivité et disponibilité pour assurer un service performant aux utilisateurs\r\n- résistance au stress \r\n- patience\r\n- adaptabilité et curiosité\r\n', '- bonnes compétences en informatique \r\n- bonnes compétences en informatique des réseaux (câblage, protocole de routage, cybersécurité et gestions des droits d’accès)\r\n- bonnes connaissances de l’architecture et des fonctionnalités du système informatique  de l’entreprise\r\n- bonne compétences en systèmes d’exploitation\r\n- capacité à résoudre des problèmes complexes et nouveaux \r\n- capacités en gestion de projet\r\n- savoir se tenir au courant de toutes les évolutions technologiques, des changements dans les normes (pour fournir à l’entreprise la meilleure solution possible)\r\n- connaître les infrastructures et supports qui permettent de relier les matériaux entre eux \r\n- maîtrise des protocoles de communication\r\n- maîtrise de logiciels d’analyse pour surveiller le fonctionne du réseau \r\n- bonne connaissance en technologies télécoms, Internet (Web, XML, PHP…), ainsi qu’en bases de données (Oracle, SQL Server...)\r\n- très bonnes connaissances des principaux systèmes d’exploitation (Windows et Unix)\r\n- maîtrise de l’anglais technique\r\n', 'Niveau bac +2 : BTS en informatique, réseaux et télécommunication.\r\nex : BTS Systèmes numériques option A informatique et réseaux\r\n\r\nNIveau bac +3: BUT ou Licences pro en informatique, télécommunications et réseaux.\r\nex : BUT réseaux et télécommunications \r\nex : Licence pro mention métiers de l’informatique : administration et sécurité\r\n\r\nNiveau bac +5: master professionnel ou master de recherche spécialité ingénierie des réseaux ou spécialité systèmes, réseaux et architecture.\r\nex : Master mention méthodes informatiques appliquées à la gestion des entreprises\r\n\r\nOu :Niveau bac +5: Diplôme d’ingénieur orienté réseaux.\r\nex : Diplôme d’ingénieur de l’École nationale supérieure d’électronique,\r\n', 'Le salaire d’un administrateur réseau varie entre 32 000 à 48 000 € brut par an en fonction du niveau d’expérience et du secteur.\r\nPour les débutants : environ 2200€ brut par mois \r\nJeune cadre : entre 20 et 35 k€\r\nCadre confirmé : entre 35 et 50 k€\r\n', 'L’administrateur réseau peut virtuellement exercer partout où il y a un réseau plus ou moins complexe à installer et/ou à faire évoluer. Dans la pratique, il peut être embauché au sein d’une entreprise, d’une structure gouvernementale ou d’une association. Il peut même être employé par une société de services externe qui la mettra sous contrat de mission avec diverses structures clientes.\r\n', '', 4),
(17, 'CTO/Directeur Technique Web', ' Chief technical officer, Chief technology officer, DSI Digital, DSI e-commerce\r\nLe directeur technique web d’une entreprise est responsable de la partie technique et des équipes qui le mettent en œuvre. Acteur de l’innovation, il assure la maintenance complète (disponibilité et évolution) de toutes les techniques liées aux sites web et mobile.\r\n\r\nMissions :\r\n• Il définit la stratégie entrepreneuriale concernant les projets digitaux\r\n• Il élabe d’une roadmap\r\n• Il assure la conception des plateformes Web.\r\n• Il assure la conception des interfaces avec le back office avec leurs évolutions futures.\r\n• Il conduit les actions de veille concernant l’innovation technologique et sectorielle.\r\n• Il anime l’équipe technique composée des développeurs, chefs de projets, architectes\r\n• Il coordonne les prestataires régie ou forfait \r\n• Il évalue les projets en fonction des budgets dont il est responsable.\r\n• Il rend compte de ses actions à la direction générale', '- savoir s’organiser et planifier différents projets\r\n- être rigoureux dans son travail afin de piloter un projet\r\n- capacité à stimuler et canaliser la créativité des équipes\r\n- calme et sang froid pour résister à la pression des utilisateurs.\r\n- capacité à prendre des décisions soudaines qui engagent son entreprise.\r\n- bonne capacité d’adaptation \r\n- curiosité\r\n- goût du changement.\r\n', '- expérience significative du management, aptitude à encadrer et à former ses équipes\r\n- maîtrise des méthodologies agiles\r\n- force de conviction pour préconiser les choix technologiques\r\n- qualité d’écoute et d’empathie\r\n- expertise sur le digital et dans les différents langages et frameworks de développement / importante culture technologique', 'Pour devenir directeur, cinq années d’études au moins sont nécessaires après le bac. \r\nLe mieux est d’être diplômé d’une école d’ingénieur ou d’un master d’informatique en Université.\r\nIl est aussi très intéressant d’avoir une solide expérience dans le développement technique web.\r\n', 'Le salaire d’un directeur technique web peut varier selon la taille de la structure qu’il intègre.\r\nSalaire par an :\r\nDans une start-up ou une PME ebusiness, son salaire peut varier de 60 à 80 000 euros.\r\nAu sein d’une grosse PME à la pointe d’une technologie informatique par exemple,  il peut monter jusqu’à 100 000 euros par an.\r\nEnfin, si le CTO travaille dans une direction digitale des grands groupes, son salaire peut parfois monter jusqu’à 110 000 euros\r\n', 'Le Directeur Technique Web doit travailler en entreprise pour pouvoir responsabiliser et gérer ses différentes équipes. \r\n', '', 4),
(18, 'Développeur Back', 'Alors que le développeur front-end se charge exclusivement de créer une interface claire et simple pour les internautes, le développeur back-end travaille principalement sur le back-office ainsi que sur tous les éléments d’un projet web qui sont ”invisibles” (mais indispensables) lorsque l’on navigue sur un site Internet.\r\nMissions :\r\nLe programmeur Back-end se charge :\r\n• Il se charge de la mise en place du site\r\n• Il effectue la configuration, du développement et de la maintenance du serveur, \r\n• Il s’occupe de la base de données \r\n• Il gère l’application web en général.\r\n', 'Le développeur back-end doit savoir travailler en toute autonomie, respecter les délais mais également dialoguer efficacement avec le client et ses équipes, notamment pour ce qui concerne le front-end. Une certaine polyvalence dans les deux domaines peut quelquefois être recherchée.\r\n', '- En plus d’un grand intérêt pour l’informatique en général, le développeur Back-end se doit de s’intéresser et de connaître parfaitement les langages de programmation et les bases de données : PHP, Ruby, Python et SQL qui seront ses meilleurs amis. \r\n- L’utilisation parfaite de frameworks comme Cake PHP, Symfony ou encore Code Igniter est aussi indispensable.\r\n', 'Comme pour de nombreux autres métiers liés à l’informatique, plusieurs cursus sont possibles pour devenir programmeur back-end. \r\nIntégrer une université, une école d’informatique ou une école d’ingénieur est incontournable pour apprendre à bien manier les langages de programmation ainsi que les bases de données. \r\nVous pourrez commencer votre cursus par un DUT comme notre DUT MMI ou un BTS informatique avant d’approfondir vos connaissances en second cycle.\r\n', 'La rémunération du développeur Back-end est bien souvent considérée comme un peu plus importante que pour celle du programmeur Front-end, même si la différence est de moins en moins palpable. Ainsi, alors qu’un débutant sortant d’une école d’informatique peut espérer toucher 30.000 € par an, un développeur confirmé ayant une connaissance poussée des langages de programmation peut obtenir une rémunération de 40.000 € par an. Sans parler des profils experts que les grandes entreprises n’hésitent pas à fidéliser avec un salaire à la hauteur de leurs compétences\r\n', 'Le métier peut s’exercer dans une agence web, une SSII (société de services en ingénierie informatique), en tant que salarié ou en indépendant, ou encore directement chez le client..\r\n', '', 4);
INSERT INTO `metier` (`idMetier`, `nomMetier`, `presentation`, `qualite`, `competence`, `formation`, `salaire`, `structure`, `imageUrl`, `domaineId`) VALUES
(19, 'Développeur Front', 'Le développeur front end se doit de :\r\n• Il réalise l’intégration web du site à partir d’une maquette (fournie par un web designer)\r\n• Il assure l’ergonomie visuelle et fonctionnelle du site\r\n• Il assure la portabilité et interopérabilité du site par la prise en compte des différentes plateformes et navigateurs\r\n• Il maîtrise du responsive design, de l’UX et des interfaces mobiles\r\n• Il utilise des outils collaboratifs\r\n• Il garantit l’accessibilité du site grâce au respect des normes W3C\r\n• Il participe à l’optimisation du SEO (référencement naturel) par l’intégration de la sémantique du web lors du développement (balises, mots clefs, optimisation d’URL', '- Le développeur Front-end doit faire preuve de créativité afin de créer une interface web conforme au cahier des charges. \r\n- Une excellente connaissance des spécificités de chaque navigateur est également indispensable de façon à ce que les sites fonctionnent de façon agréable et fluide quelle que soit la configuration. \r\n- La curiosité est également une qualité nécessaire pour rester à jour, les technologies évoluant très rapidement. \r\n', '- Il doit parfaitement maîtriser les normes émises par le W3C et posséder de solides compétences en HTML5 et CSS3 afin de rendre les interfaces accessibles. \r\n- La maîtrise du JavaScript avec des frameworks comme JQuery, AngularJS, Backbone.js ou ExtJS est un plus indéniable dans la mesure où il s’agit du langage le plus utilisé pour gérer les interactions avec l’utilisateur dans un navigateur.\r\n- Le développeur Front-end doit également être familier avec des logiciels de PAO et de traitement d’images.\r\n', 'Le développeur Front-end possède généralement un diplôme universitaire de type DUT ou BTS ou un diplôme de second cycle d’une école d’ingénieur ou d’informatique. Ces formations fournissent de bonnes bases pour ensuite travailler sur le terrain dans des équipes projets.\r\n', '- Junior : 25K€ par an\r\n- Senior : jusqu’à 50K€ pour les plus confirmés.\r\n\r\n', 'Les principaux employeurs des développeurs Front-end sont les agences web et les entreprises de services du numérique (ESN). Il peut aussi être freelance et être contacté par des entreprises ou domaines extérieurs. \r\n', '', 4),
(20, 'Lead-développeur', 'Le métier de lead-développeur consiste à diriger, accompagner une équipe de développeurs et assurer le développement technique d’un projet. Ce manager pilote des équipes et encadre le projet grâce à ses connaissances techniques approfondies. Il doit aussi créer un programme suivant les besoins de l’entreprise, et en restant au plus près du cahier des charges élaboré par l’utilisateur\r\n\r\nMissions :\r\nLe programmeur Back-end se charge :\r\n• Il supervise le projet : contrôle de la bonne progression des développements, définition de la ligne directrice, des choix techniques, méthodes à utiliser\r\n• Il manage son équipe : accompagnement  des développeurs, résolution des problèmes, les faire monter en compétences et gérer les savoir-faire de son équipe technique\r\n• Il est le référent en matière de code, met en place de bonnes pratiques, et vérifie les actions menées par son équipe, Assure la qualité du code des programmes informatiques\r\n• Il se charge du codage de parties spécifiques du programme\r\n• Il s’assure de la qualité du code grâce à des outils d’analyse et du code automatique\r\n• Il garantit le respect des délais imposés\r\n• Il respecte le budget alloué\r\n• Il met en place des tests/de recettage\r\n• Il s’occupe de la veille technologique\r\n', '- souplesse\r\n- capacité d’analyse \r\n- sens relationnel\r\n- pédagogie\r\n- curiosité\r\n', '- compétences managériales et techniques\r\n- connaissances du langage informatique et de développement (JAVA, PHP, CSS, HTML…)\r\n- capacité de former ses équipes, encadrer et motiver les développeurs\r\n- capacité à animer et collaborer avec son équipe et à faire l’interface avec les interlocuteurs métiers\r\n- maîtrise de l’environnement de développement (IDE, Eclipse, ASP, J2EE…)\r\n- bonnes connaissances en CMS(Système de gestion de contenu)(Drupal, Wordpress…)\r\n- se tenir informé en permanence de toutes les modifications et changements éventuels\r\n- connaissances en méthodes et techniques de programmation\r\n- connaissances en outils de maîtrise totale d’un ou plusieurs systèmes d’exploitation informatique\r\n- Connaissance des outils de tests et du domaine fonctionnel\r\n', 'Le métier de lead développeur est accessible après un parcours en études supérieures et quelques années passées en tant que développeur. \r\n\r\nLes formations à privilégier sont les écoles d’ingénieur ou les diplômes en informatique amenant à un niveau bac + 3 ou bac + 5.\r\n\r\nCette profession est ouverte aux titulaires d’un diplôme de niveau bac+2 (BTS ou DUT informatique, Licence pro informatique, École d’ingénieurs informatique...) dans le secteur des services informatiques, des systèmes réseaux, ou même de l’informatique appliquée aux services techniques des industries. \r\n\r\nEx : Ecole d’ingénieur en informatique ou Bac+5 en informatique\r\n', 'Le salaire d’un lead développeur dépend de plusieurs critères : taille de l’entreprise/start-up, lieu, le nombre d’années d’expérience, l’ancienneté\r\nJunior: 55-65K€/an\r\nSenior: 65-75K€/an\r\nLa rémunération d’un lead développeur est comprise entre 50 000€ et 80 000€\r\n', 'Les studios de développement de jeux vidéo recrutent ces profils. Un lead-développeur peut aussi travailler en tant que freelance, et répondre à différents contrats ou propositions venant d’entreprises ou particuliers. \r\n\r\n\r\n', '', 4);

-- --------------------------------------------------------

--
-- Structure de la table `projet`
--

CREATE TABLE `projet` (
  `idProjet` varchar(10) NOT NULL DEFAULT '',
  `nomProjet` varchar(200) DEFAULT NULL,
  `nomAuteur` text DEFAULT NULL,
  `presentation` text DEFAULT NULL,
  `siteUrl` varchar(200) DEFAULT NULL,
  `imageUrl` varchar(200) DEFAULT NULL,
  `domaineId` varchar(4) DEFAULT NULL
) ENGINE=InnoDB DEFAULT CHARSET=utf8;

--
-- Déchargement des données de la table `projet`
--

INSERT INTO `projet` (`idProjet`, `nomProjet`, `nomAuteur`, `presentation`, `siteUrl`, `imageUrl`, `domaineId`) VALUES
('1', 'Portfolio de Philippe Neveu', 'Raphaël Améaume', 'Ce portfolio très original a été élaboré par un développeur français, ancien étudiant en DUT SRC (2011-2013). ', 'https://philippeneveu.com/about', '', '4');

--
-- Index pour les tables déchargées
--

--
-- Index pour la table `contact`
--
ALTER TABLE `contact`
  ADD PRIMARY KEY (`idContact`);

--
-- Index pour la table `domaine`
--
ALTER TABLE `domaine`
  ADD PRIMARY KEY (`idDomaine`);

--
-- Index pour la table `jeucm`
--
ALTER TABLE `jeucm`
  ADD PRIMARY KEY (`id`);

--
-- Index pour la table `metier`
--
ALTER TABLE `metier`
  ADD PRIMARY KEY (`idMetier`);

--
-- Index pour la table `projet`
--
ALTER TABLE `projet`
  ADD PRIMARY KEY (`idProjet`);

--
-- AUTO_INCREMENT pour les tables déchargées
--

--
-- AUTO_INCREMENT pour la table `contact`
--
ALTER TABLE `contact`
  MODIFY `idContact` int(11) NOT NULL AUTO_INCREMENT;

--
-- AUTO_INCREMENT pour la table `jeucm`
--
ALTER TABLE `jeucm`
  MODIFY `id` int(11) NOT NULL AUTO_INCREMENT, AUTO_INCREMENT=11;
COMMIT;

/*!40101 SET CHARACTER_SET_CLIENT=@OLD_CHARACTER_SET_CLIENT */;
/*!40101 SET CHARACTER_SET_RESULTS=@OLD_CHARACTER_SET_RESULTS */;
/*!40101 SET COLLATION_CONNECTION=@OLD_COLLATION_CONNECTION */;
